,audience_name,size
0,美國空軍預備役司令部,421190
1,緊急醫療服務,29581620
2,聯邦緊急事務管理署,7532150
3,緊急醫療技術員,4642610
4,存款,44353620
5,存款,15399630
6,個人理財,758072810
7,嘉信理財集團,1309770
8,CMoney 理財寶,1265450
9,理財周刊,175960
10,獨立理財顧問,159140
11,投資,385141780
12,投資者,69138640
13,房地產投資,31533658
14,投資銀行業,24425850
15,私人股權投資,17632470
16,風險投資,13664210
17,投資報酬率,8802150
18,投資組合,6933460
19,投資管理,6628470
20,天使投資者,5548670
21,不動產投資信託,3706580
22,黃金投資,3025430
23,外商直接投資,2812080
24,物業投資者,2382924
25,越南投資發展銀行,1920480
26,價值投資,1883860
27,領航投資,865810
28,另類投資市場,503260
29,鑽石投資,479690
30,歐洲投資銀行,344440
31,投資型硬幣,152540
32,聰明的投資者,25840
33,股票,223407550
34,股票市場,44730310
35,馬來西亞股票交易所,1194160
36,股票財經日報,202170
37,舊股票交易中心,181850
38,股票指數期貨,53990
39,儲蓄,7673490
40,儲蓄互助社,15778530
41,俄羅斯聯邦儲蓄銀行,1647950
42,奧克蘭儲蓄銀行,492500
43,免稅儲蓄賬戶,178080
44,貧富差距,3052710
45,退休,33591930
46,退休金,35474710
47,美國退休人員協會,9348700
48,401退休福利計畫,3046600
49,退休保險,539310
50,財產,30197370
51,財產保險,589310
52,財富,206097230
53,富爸爸·窮爸爸,9375440
54,窮鄉僻壤,6561850
55,富爸爸窮爸爸,5850330
56,窮街陋巷,2574370
57,牡蠣窮孩兒三明治,807990
58,利息,19737610
59,退休金,35474710
60,收入,80692850
61,被動收入,12364840
62,無條件基本收入,1180820
63,ETF,1575330
64,ETFs,80
65,財務會計,6650690
66,財務總監,4115020
67,財務報表,2901960
68,財務自由,982770
69,國際財務報告準則,748020
70,財務會計標準委員會,13250
0,分類回收桶,281730
1,現金,40909460
2,現金流量,7653520
3,現金回饋網站,573270
4,SOHO - 100% Design Shop - סוהו,32080
5,麥當勞叔叔之家慈善基金,86257000
6,聯合國兒童基金會,54601330
7,共同基金,26891220
8,基金會（非營利）,23536330
9,世界自然基金會,16001790
10,洛克菲勒基金會,6557720
11,比爾及梅琳達·蓋茨基金會,5402230
12,願望成真基金,4509930
13,美國傳統基金會,4170810
14,開放社會基金會,2621480
15,對沖基金,1785490
16,聯合國人口基金,1746710
17,電子前哨基金會,1546790
18,國家科學基金會,1514520
19,卡達基金會,683630
20,慈濟基金會,517850
21,種子基金,487190
22,惠康基金會,252810
23,福特基金會,236280
24,柯林頓基金會,231260
25,國際雪豹基金會,217930
26,糖尿病攜手基金會,184580
27,指數基金,184300
28,麥克阿瑟基金會,151190
29,卡內基國際和平基金會,107340
30,納斯達克100指數,188403410
31,巴黎CAC40指數,108644200
32,道瓊斯工業平均指數,40862520
33,人類發展指數,40469690
34,富時100指數,29734400
35,德國DAX指數,26376770
36,富時250指數,12867780
37,股價指數,5425740
38,升糖指數,2073340
39,日經平均指數,1802090
40,整體攻擊指數,1634790
41,指數增長,821050
42,標準普爾500指數,328030
43,指數基金,184300
44,恒生指數,172910
45,股票指數期貨,53990
46,胰島素指數,44750
47,採購經理指數,6980
48,教育指數,5950
49,匯率,12357700
50,浮動匯率,269500
51,匯率風險,49520
52,股息,6641320
53,財務自由,982770
54,利率,48824340
55,無風險利率,381660
56,網路銀行,80983080
57,印度國家銀行,38435690
58,投資銀行業,24425850
59,銀行帳戶,23460150
60,零售銀行業務,22123350
61,加拿大豐業銀行,15637540
62,世界銀行,13928160
63,商業銀行,12918070
64,馬來亞銀行,10729250
65,聯昌國際銀行,10628110
66,開泰銀行,10186550
67,富國銀行集團,9066680
68,巴西銀行,8646150
69,伊斯蘭銀行,7840760
70,贊尼特銀行,7444950
71,巴克萊銀行,6497630
72,星展銀行,5592580
73,法國巴黎銀行,5529610
74,盤谷銀行,5459010
75,萊斯銀行,4562380
76,澳盛銀行,4448610
77,軍人銀行,4436990
78,食物銀行,3978680
79,銀行假日,3851160
80,美洲開發銀行,3733250
81,印尼國家銀行,3670550
82,法國農業信貸銀行,3336160
83,加拿大皇家銀行,3173560
84,標準銀行,3013600
85,國民西敏銀行,2718510
86,銀行卡,2556120
87,智利桑坦德銀行,2533040
88,印度儲備銀行,2391290
89,華僑銀行,2327970
90,美國銀行,2309070
91,蒙特婁銀行,2217750
92,澳洲國民銀行,2175350
93,音樂銀行,2156420
94,多倫多道明銀行金融集團,2090510
95,德意志銀行,2005430
96,蘇格蘭銀行,1956380
97,越南投資發展銀行,1920480
98,俄羅斯聯邦儲蓄銀行,1647950
99,道明加拿大信託銀行,1527510
100,AM銀行,1390070
101,北歐銀行,1328480
102,澳洲聯邦銀行,1294230
103,中國工商銀行,1284470
104,愛爾蘭聯合銀行,1067510
105,新韓銀行,1060430
106,義大利聯合聖保羅銀行,998720
107,馬來西亞滙豐銀行,991720
108,荷蘭銀行,981060
109,瑞典銀行,966580
110,義大利國家勞工銀行,957390
111,裕信銀行,943970
112,丹斯克銀行,913260
113,西太平洋銀行,904300
114,加拿大國民銀行,800300
115,中國銀行,797720
116,瓦基弗銀行,776080
117,荷蘭合作銀行,731470
118,伊斯蘭開發銀行,698830
119,泰京銀行,695430
120,英格蘭銀行,661490
121,馬來西亞國家銀行,635530
122,美國大通銀行,624770
123,孟加拉鄉村銀行,581290
124,1111人力銀行,562560
125,鑽石銀行,541840
126,奧克蘭儲蓄銀行,492500
127,西班牙洲際銀行,453350
128,愛爾蘭銀行,438530
129,北岩銀行,376650
130,恒生銀行,370420
131,歐洲投資銀行,344440
132,克萊茲戴爾銀行,321520
133,阿爾斯特銀行,307270
134,西澳銀行,293190
135,518人力銀行,287970
136,非洲開發銀行,287560
137,盛寶銀行,268250
138,墨西哥銀行,234900
139,薩瓦德爾銀行,219020
140,德國郵政銀行,198830
141,國際清算銀行,177290
142,麥格理銀行,170350
143,104人力銀行,153170
144,比利時聯合銀行,131590
145,中華電視公司,2821660
146,中華電信,718620
147,中華電信行動學園,175630
148,麥當勞叔叔之家慈善基金,86257000
149,聯合國兒童基金會,54601330
150,共同基金,26891220
151,基金會（非營利）,23536330
152,世界自然基金會,16001790
153,洛克菲勒基金會,6557720
154,比爾及梅琳達·蓋茨基金會,5402230
155,願望成真基金,4509930
156,美國傳統基金會,4170810
157,開放社會基金會,2621480
158,對沖基金,1785490
159,聯合國人口基金,1746710
160,電子前哨基金會,1546790
161,國家科學基金會,1514520
162,卡達基金會,683630
163,慈濟基金會,517850
164,種子基金,487190
165,惠康基金會,252810
166,福特基金會,236280
167,柯林頓基金會,231260
168,國際雪豹基金會,217930
169,糖尿病攜手基金會,184580
170,指數基金,184300
171,麥克阿瑟基金會,151190
172,卡內基國際和平基金會,107340
0,南亞,501020110
1,網際協議通話技術,88675020
2,教育技術學,57172610
3,生物技術,30466170
4,自動化技術,26312890
5,奈米技術,26248350
6,技術劇場,24887670
7,新興技術,21209130
8,工作流技術,8260080
9,技術員,5990190
10,污染物排放控制技術,5446570
11,技術分析,4774730
12,緊急醫療技術員,4642610
13,技術型高級中等學校,4532610
14,食品技術,2469760
15,生物識別技術,1917610
16,首席技術官,1868780
17,牙體技術師,1590170
18,速霸陸技術國際,1490850
19,低可偵測性技術,1191300
20,國家標準技術研究所,1105130
21,技術與繼續教育學院,1100570
22,先皇技術學院,590040
23,藍牙技術聯盟,509740
24,丹麥技術大學,413570
25,韓國科學技術院,180780
26,法國國立高等工程技術學校,110500
27,明斯特應用技術大學,74740
28,聯合技術公司,65880
29,衛生信息技術,61260
30,奧格斯堡應用技術大學,5670
31,價值,188997210
32,全價值營養,5178520
33,價值投資,1883860
34,NBA最有價值球員,947450
35,客戶生命周期價值,403860
36,國家橄欖球聯盟最有價值球員,183120
37,美國職棒大聯盟最有價值球員獎,130930
38,價值,27256850
39,籌碼,4298080
40,上海市,225636190
41,上海3D方塊,1246510
42,上海迪士尼樂園,907190
43,香港上海大酒店,179000
44,香港上海滙豐銀行,88130
45,上海證券交易所,84700
46,上海大師賽,56630
47,上海灘 (品牌),32910
0,中華電信,718620
1,中華電信行動學園,175630
2,星巴克,155007060
3,廣達電腦,82900
4,貸款,162915250
5,學生貸款,4817990
6,小額貸款,3578310
7,次級貸款,438420
8,房屋凈值貸款,356580
9,公司,450082500
10,產品（公司）,948543120
11,蘋果公司,457536730
12,全國廣播公司,361710080
13,私人公司,294367890
14,華特迪士尼公司,279566080
15,唱片公司,257606100
16,福斯廣播公司,234717240
17,英國廣播公司,177413800
18,Uber（公司）,143429190
19,福特汽車公司,141780880
20,耐吉公司,133741321
21,上市公司,122226690
22,環球電視公司,121312680
23,有限公司,92501460
24,百貨公司,84141770
25,Box公司,82200720
26,映像漫畫公司,79935100
27,百事公司,79436100
28,鈴木公司,78637590
29,新創公司,75268880
30,Converse（鞋業公司）,60367480
31,英國廣播公司國際頻道,56082880
32,ABS-CBN公司,56029080
33,山葉機車公司,51741350
34,3M公司,50131600
35,Target 公司,47569220
36,英國廣播公司第一台,46842650
37,雅詩蘭黛公司,45521460
38,製片公司,40971240
39,強生公司,35495540
40,山葉 (公司),34673600
41,金百利克拉克公司,31484670
42,Orange (公司),30005160
43,蒂芙尼公司,26846860
44,馬魯蒂鈴木公司,26392800
45,低成本航空公司,21612340
46,BMW M公司,20391970
47,公司法,20353370
48,波克夏·哈薩威公司,20284180
49,雅什－拉吉影片公司,20271940
50,英國廣播公司商業分支,19681730
51,英國廣播公司第二台,19576360
52,加拿大廣播公司,14781940
53,美國誠實公司,14278037
54,廣播音樂公司,13750770
55,CBS公司,12394490
56,歐米茄錶公司,12227560
57,英國廣播公司第三台,11026600
58,SAP公司,10529670
59,西門子公司,10326390
60,先鋒公司,9759330
61,甲骨文公司,9748340
62,美国劳氏公司,9600550
63,班傑利公司,9394110
64,合資公司,9313740
65,漢高公司,9157920
66,芬達樂器公司,8972400
67,華納兄弟動畫公司,8624950
68,夢工廠動畫公司,8476940
69,英國廣播公司世界新聞頻道,8357110
70,公司集團,6878640
71,透納廣播公司,6860180
72,哥倫比亞電影公司,6276060
73,吉普森吉他公司,6268570
74,華納兄弟唱片公司,5993700
75,諾華公司,5985200
76,蔡司公司,5797310
77,百代電影公司,5762450
78,淡水河谷公司,5492230
79,丹尼斯公司,5323620
80,太空探索科技公司,5013650
81,沙烏地阿拉伯國家石油公司,4928880
82,公司治理,4922120
83,桂格燕麥公司,4776410
84,挪威廣播公司,4710760
85,西夫韋公司,4605450
86,Bloomingdale's 百貨公司,4286800
87,時代公司,4234480
88,哈德遜灣公司,4073750
89,哈迪斯 (公司),3881990
90,怪獸電力公司,3757240
91,墨西哥石油公司,3661730
92,瑞德數位電影攝影機公司,3419920
93,伊士曼柯達公司,3407710
94,紅帽公司,3249640
95,英國廣播公司美國台,3009450
96,美國哥倫比亞運動服裝公司,2976010
97,NCR公司,2790040
98,Square公司,2755280
99,巴基斯坦廣播公司,2660690
100,巴黎老佛爺百貨公司,2453410
101,英國廣播公司第四台,2358410
102,舒爾公司,2248020
103,LOMO公司,2234740
104,公司,195527630
105,信用卡,466616250
106,信用卡提現,1232720
107,債券,8312970
108,財富,206097230
109,財富美國500強,9119640
110,財富管理,8330890
111,財富世界500強,3299860
112,財富,7252680
113,美國國家稅務局,12469450
0,家人,1115651370
1,家人和感情狀況,1400008420
2,富爸爸窮爸爸,5850330
3,媽媽與爸爸合唱團,655740
4,了不起的狐狸爸爸,199510
5,躁爸爸狂媽媽,166670
6,保險,320912270
7,人壽保險,59038430
8,機動車輛保險,51132560
9,醫療保險,44637360
10,旅遊平安保險,16825300
11,保險合同,8192780
12,保險杠,7830110
13,美國社會安全保險,7791200
14,友邦保險,2631410
15,責任保險,2533060
16,寵物保險,2424270
17,相互保險公司,1175670
18,Medibank私人保險,636530
19,健康保險便利和責任法案,609560
20,財產保險,589310
21,退休保險,539310
22,長期照顧保險,97340
23,儲蓄,7673490
24,儲蓄互助社,15778530
25,俄羅斯聯邦儲蓄銀行,1647950
26,奧克蘭儲蓄銀行,492500
27,免稅儲蓄賬戶,178080
28,世界遺產,93774480
29,文化遺產,14194010
30,非物質文化遺產,1513210
31,遺產稅,896530
32,英格蘭遺產委員會,840750
33,自然遺產,124110
34,光明與黑暗續戰篇 眾神的遺產,3700
35,遺囑,5443040
36,健保真要命,567380
37,醫院,245917330
38,麻省總醫院,6422280
39,教學醫院,3865130
40,約翰·霍普金斯醫院,1625740
41,布萊根婦女醫院,240300
42,診所,138519100
43,馬約診所,4611880
44,克利夫蘭診所,2069800
45,米蘭時尚診所,255040
46,聖宜診所 SaintEir Clinic,177350
47,美之約醫美診所,38280
48,法泊時尚診所,34630
49,醫師,280277680
50,美國醫師執照考試,8928830
51,麻醉科醫師,1357450
52,美國醫師執照考試第一階段,633250
53,肯醫師煩事多,230560
54,彭醫師整型相談室,127210
55,許添盛醫師,34400
56,實習醫生,25125940
57,普通科醫生,23999800
58,德瑞醫生,15692280
59,無國界醫生,9386010
60,實習醫生成長記,2235570
61,外科醫生馬丁,1263320
62,異鄉人醫生,947460
63,安眠醫生,686700
64,醫生樂隊,91680
65,手術室,4111100
66,理學檢查,13066010
67,飛機維修檢查,244390
68,註冊舞弊檢查師,50520
69,註冊舞弊檢查師協會,42190
70,健身和保健,1116189370
71,健康保健,307806870
72,國民保健署,7888520
73,耳鼻喉科學,26549290
74,美國疾病控制與預防中心,21645970
75,遺傳性疾病,3745760
76,退行性疾病,2413310
77,自體免疫性疾病,2411820
78,精神疾病診斷與統計手冊,1379120
79,貓的疾病,687710
80,美國罕見疾病組織,59020
81,治療,324217910
82,物理治療,97942270
83,操作治療學,26407930
84,治療樂隊,15862360
85,職能治療,5893740
86,音樂治療,3720500
87,光照治療,3330720
88,藝術治療,2636230
89,行為治療,805280
90,個人中心治療,632440
91,職能治療師,423550
92,遊戲治療,303650
0,醫療保險,44637360
1,緊急醫療服務,29581620
2,聯邦醫療保險,16297480
3,緊急醫療技術員,4642610
4,患者保護與平價醫療法案,2686730
5,醫療衛生科學,2491270
6,GE醫療,921180
7,遠距醫療,772430
8,美國醫療系統,494040
9,醫療事故,298020
10,費森尤斯醫療,280480
11,美國醫療改革,9850
12,眼科學,22781850
13,內科學,17190340
14,倫敦皇家內科醫學院,359260
15,神經外科,8805800
16,外科醫生馬丁,1263320
17,愛爾蘭皇家外科醫學院,235220
18,胃腸學,5548070
19,免疫,11799650
20,免疫系統,41256380
21,免疫學,2746000
22,自體免疫性疾病,2411820
23,免疫缺陷,1601950
24,肝臟,67917620
25,雷射,150606030
26,雷射印表機,2618260
27,雷射二極體,2472550
28,雷射焊,115590
29,關節,67409390
30,關節炎,43410680
31,類風濕性關節炎,13126140
32,醫診情緣（電視影集）,1296190
33,口腔,97524930
34,牙科醫學,181172110
35,東京醫科牙科大學,21000
36,腫瘤學,31944170
37,糖尿病,111331340
38,2型糖尿病,14859230
39,適合糖尿病患者的飲食,1873560
40,美國糖尿病協會,1349670
41,聯合國糖尿病日,902570
42,糖尿病攜手基金會,184580
43,神經,18546050
44,神經科學,106041840
45,神經系統,40215790
46,神經內科,30971510
47,神經心理學,20817120
48,神經元,11277490
49,神經外科,8805800
50,神經語言規劃,6838050
51,中樞神經系統,6098220
52,人工神經網路,2544060
53,三叉神經,1829400
54,顏面神經,1283080
55,周圍神經系統,1148080
56,自主神經系統,761770
57,神經肌肉接點,450100
58,神經語言學,421470
59,神經生理學,156480
60,心臟,220270150
61,心臟病學,21743640
62,注射製模,1130820
63,物理學,327090480
64,物理治療,97942270
65,天體物理學,10231310
66,粒子物理學,7208120
67,諾貝爾物理學獎,6728130
68,物理化學,6464680
69,物理學家,6445090
70,地球物理學,3410110
71,理論物理學,3004360
72,物理定律,2407950
73,天文與天體物理學報,1766960
74,低溫物理學,1541780
75,原子核物理學,567340
76,生物物理學,478370
77,應用物理學,213930
78,數學物理,101210
0,咳嗽,19590740
1,牙結石清除術,1064330
2,泌尿外科,9265190
3,胸腔醫學,1900760
4,美國胸腔學會,52750
5,牙齒,100392610
6,人類牙齒,5269750
7,大腸,23948400
8,失眠 (小說),25060
9,慢性阻塞性肺病,7412240
10,皮膚,471122520
11,皮膚病學,64370960
12,表皮 (皮膚),1690
13,胃酸,3663240
0,無痛失戀,2461140
1,視力,2618880
2,視網膜,9006260
3,視網膜黃斑,379870
4,腎臟科,2258570
5,精神科醫師,6445270
6,過敏,74896870
7,過敏原,9456130
8,食物過敏,2778870
9,血管,27151140
10,血管學,698690
11,冠狀血管,402230
12,關節炎,43410680
13,類風濕性關節炎,13126140
14,腎臟科,2258570
15,世界骨質疏鬆日,7570
16,診斷,56179600
17,影像診斷學,11160370
18,車上診斷系統,3764990
19,精神疾病診斷與統計手冊,1379120
20,診斷,33788490
21,重建人類社會,2140
22,摩托車越野障礙賽,43293620
23,障礙跑,14349770
24,斯巴達障礙賽,10332954
25,障礙超越,8094308
26,ICD-10 第五章：精神和行為障礙,5144590
27,無障礙環境,3356430
28,書寫障礙,67420
29,左旋甲狀腺素鈉,694920
30,類風濕性關節炎,13126140
31,食道,4027420
32,脊椎,50060680
33,運動,1566160200
34,運動和戶外活動,1589096970
35,團隊運動,225818610
36,運動鞋（鞋）,161367280
37,運動類遊戲,115341140
38,運動服裝（機能運動衫）,114242480
39,教練（運動）,75776370
40,社會運動,51324180
41,運動員,50455800
42,新紀元運動,46163050
43,青年奧林匹克運動會,38399100
44,世界極限運動會,37090360
45,運動鞋收集,36319928
46,五旬節運動,30419850
47,極限運動,27114380
48,登山運動,24743290
49,夏季奧林匹克運動會,21820450
50,有氧運動,20776320
51,2016年夏季奧林匹克運動會,18460210
52,2018年冬季奧林匹克運動會,17750470
53,耶穌運動,17699390
54,運動畫刊,16064810
55,2012年夏季奧林匹克運動會,15912320
56,綜合運動會,15780400
57,國際紅十字與紅新月運動,15670080
58,薩拉菲運動,14757400
59,夏季奧林匹克運動會田徑比賽,14285320
60,運動相機,13822940
61,射擊運動,13263140
62,貝貝 (足球運動員),13000020
63,藝術運動,11395980
64,巴西民主運動黨,9985080
65,五星運動,9970410
66,運動胸罩,9438920
67,浩克 (足球運動員),8521750
68,馬拉簡拿運動場,8477590
69,政治運動,7701180
70,環保運動,7469120
71,巴西足球運動,7138540
72,運動醫學,7052620
73,保育運動,6947670
74,慢食運動,6158282
75,反墮胎運動,5941140
76,美國茶會運動,5762640
77,運動畫刊泳裝特輯,5298150
78,抵抗運動,4889280
79,義大利足球運動,4656430
80,運動科學,4638030
81,東尼·霍克 (運動員),4443060
82,後期聖徒運動,4417470
83,新藝術運動,4202170
84,運動生理學,4188430
85,特殊奧林匹克運動會,4049990
86,LGBT權利運動,3816272
87,2020年夏季奧林匹克運動會,3505630
88,國民運動,3144520
89,美國哥倫比亞運動服裝公司,2976010
90,飛行運動,2794440
91,奧克蘭運動家,2785720
92,大眾汽車運動,2569720
93,帆船運動,2000320
94,職業運動聯盟,1832240
95,東南亞運動會,1812960
96,熱帶主義運動,1802620
97,瑞特運動巧克力,1436770
98,蓋爾運動協會,1430810
99,世界馬術運動會,1402200
100,學生運動,1358020
101,2010年冬季奧林匹克運動會,1259530
102,尤比克爭取更好的匈牙利運動,1100240
103,夏季奧林匹克運動會馬術比賽,1088660
104,Wii運動 度假勝地,1071260
105,飛鼠裝滑翔運動,1042160
106,ETtoday運動雲,1035470
107,1964年夏季奧林匹克運動會,885620
108,運動心理學,828110
109,運動,35918980
110,醫學院,31039050
111,哈佛醫學院,2016600
112,倫敦皇家內科醫學院,359260
113,愛爾蘭皇家外科醫學院,235220
114,威斯康辛醫學院,130300
115,貝勒醫學院,116150
116,西奈山伊坎醫學院,67490
117,東弗吉尼亞醫學院,53460
118,哈佛牙醫學院,42130
119,紐約醫學院,26760
120,喬治城大學醫學院,5210
121,肉毒桿菌,92840
122,肺炎,5107160
123,血液學,9026600
0,靈氣療法,22675010
1,芳香療法,18458330
2,信心療法,15131600
3,順勢療法,10452240
4,區域反射療法,5631620
5,整骨療法,4330630
6,認知行為療法,4000130
7,支氣管,2065720
8,醫藥代表,119810
9,中國醫藥大學,26070
10,耳鳴,4334440
11,聽力學,4207280
12,兒童,804487140
13,尼克國際兒童頻道,57804800
14,兒童文學,54727510
15,聯合國兒童基金會,54601330
16,兒童電視節目,21321700
17,兒童節,10812610
18,兒童安全座椅,9641960
19,SOS兒童村,5503780
20,兒童人權,3447980
21,兒童玩具圖書館,1939310
22,兒童權利公約,507320
23,國家兒童醫學中心,413670
24,費城兒童醫院,175040
25,婦產科學,14067850
26,小兒科,46133900
27,小兒科,46133900
28,美容,1318338370
29,美容沙龍,553929000
30,Face Beauty 美容保養館,1
31,婦科學,36116260
32,雙子宮,10691630
33,Gennie's奇妮孕婦裝,18220
0,大人小孩雙拍檔,1260170
1,小孩大聯盟,698160
2,預防醫學,52120390
3,預防理論,34683850
4,美國疾病控制與預防中心,21645970
5,阿金減肥法,1934030
6,超級減肥王,1478490
7,超級減肥王（美國電視影集）,1262500
8,瘦身減肥方法食譜節食運動減肥藥產後瘦身瘦小腹瘦大腿,138300
9,食譜,395041210
10,瘦身減肥方法食譜節食運動減肥藥產後瘦身瘦小腹瘦大腿,138300
11,按摩,195644030
12,家庭和園藝,785479570
13,家庭事業,18334045
14,寄宿家庭,16811340
15,家庭劇院,13398860
16,摩登家庭,8316880
17,家庭问答,7668570
18,家庭劇院個人電腦,5498350
19,家庭法,4404770
20,家庭系統排列,2997600
21,家庭教師HITMAN REBORN!,2623270
22,家庭農業,1365680
23,另類家庭,477470
24,核心家庭,287780
25,福斯家庭電影頻道,274340
26,奇妙家庭變形豆,171530
27,BabyHome寶貝家庭親子網,157640
28,冒牌家庭,77950
29,家庭教師,18490
30,BabyHome 寶貝家庭親子粉絲網,487
31,雷射,150606030
32,雷射印表機,2618260
33,雷射二極體,2472550
34,雷射焊,115590
35,心理,513045400
36,心理學,531625080
37,演化心理學,234633570
38,發展心理學,144936540
39,社會心理學,91311650
40,教育心理學,66643530
41,正面心理學,43294780
42,心理學家,42726900
43,神經心理學,20817120
44,實驗心理學,19180670
45,臨床心理學,16695230
46,超心理學,16472920
47,心理學恐懼,15615310
48,心理測驗,8940280
49,工業與組織心理學,8122040
50,人格心理學,7801854
51,犯罪心理,7472860
52,法庭心理學,4509420
53,應用心理學,2267590
54,認知心理學,2012200
55,心理統計學,1637650
56,分析心理學,1254850
57,美國心理學會,973010
58,運動心理學,828110
59,超個人心理學,693550
60,人本主義心理學,584100
61,心理學博士,301980
62,健康心理學,298740
63,生物心理學,247530
64,整體心理學,182570
65,美國心理學期刊,1500
66,世界衛生組織,224334080
67,公共衛生,120036480
68,衛生學,35782080
69,國立衛生研究院,19518480
70,衛生政策研究,14739620
71,衛生紙,12419020
72,衛生棉,7570740
73,醫療衛生科學,2491270
74,美國衛生及公共服務部,1656500
75,世界衛生日,643640
76,世界精神衛生日,535580
77,美國國家職業安全衛生研究所,285370
78,布隆博格公共衛生學院,78910
79,衛生信息技術,61260
80,兩性共享,39710170
81,瘦身減肥方法食譜節食運動減肥藥產後瘦身瘦小腹瘦大腿,138300
82,草本瘦身大作戰,12680
83,瘦身男女,260
84,胃腸學,5548070
85,雷之心靈傳奇,36563360
86,美麗心靈,6692150
87,心靈雞湯,3627220
88,心靈感應,2392200
89,心靈捕手,985880
90,心靈殺手,63990
91,心靈鑰匙,15390
92,阿金減肥法,1934030
93,憂鬱,11208520
94,茶,408135680
95,壓力,128392270
96,壓力鍋,3376310
97,壓力容器,577470
98,餐廳,763791810
99,Subway （餐廳）,56233550
100,速食休閒餐廳,46198127
101,硬石餐廳,9013430
102,星期五美式餐廳,6574000
103,Red Lobster 餐廳,4209800
104,美女餐廳,2770470
105,雙峰 (連鎖餐廳),725620
106,勞瑞斯牛肋排餐廳,215390
107,鬥牛犬餐廳,138320
108,青春期戀愛,44337040
109,遠距離戀愛,6475890
110,自由戀愛,2838390
111,戀愛模擬遊戲,1052600
112,戀愛時代,540170
113,戀愛心曲,301870
114,戀愛夢遊中,101760
115,戀愛情結,29400
116,戀愛研究所,17600
117,戀愛雞尾酒,12940
0,愛情,10883880
1,浪漫（愛情）,154795990
2,愛情限時簽,10833330
3,愛情的證明,733270
4,愛情大臨演,539170
5,『 愛情、心語、分享 』,532480
6,愛情避風港,468870
7,愛情像母狗,293300
8,愛情沒有終點,207190
9,愛情與靈藥,166270
10,愛情狗仔,113270
11,宮廷愛情,107190
12,愛情公寓,75360
13,食品安全,5262570
14,食品安全和檢驗署,3560
15,日本料理,130861320
16,中式料理,129953940
17,義大利料理,125221760
18,墨西哥料理,99193380
19,韓式料理,86840870
20,法式料理,84563740
21,印度料理,71995120
22,西班牙料理,52175937
23,泰式料理,51488710
24,越南料理,46869143
25,拉丁美洲料理,46284091
26,德國料理,37258460
27,素食料理,33762133
28,希臘料理,29799248
29,料理鼠王,6297930
30,鐵人料理,2261130
31,iCook 愛料理,1733690
32,MASAの料理ABC,551380
33,料理媽媽,244030
34,瓦城 泰國料理 Thai Town Cuisine,44700
35,美食,555230480
36,美食家,75461810
37,Food Network 美食頻道,72707020
38,美食廣場,17326190
39,楊桃美食網,4465470
40,高雄美食地圖,856000
41,美食獵人TORIKO,726480
42,赫布匈美食坊,679690
43,美食評論家,422250
44,高雄美食同好會,193640
45,美食王,177280
46,美食頻道 (美國),96950
47,寬巷子鍋品美食,18840
48,化妝品,927465060
49,MAC 化妝品,83475128
50,特效化妝師大對決,5561080
51,化妝舞會,107800
52,營養素,220149510
53,飲食（營養）,190294700
54,營養師,27224750
55,全價值營養,5178520
56,營養醫學,3372130
57,營養主義,4160
58,糖尿病,111331340
59,2型糖尿病,14859230
60,適合糖尿病患者的飲食,1873560
61,美國糖尿病協會,1349670
62,聯合國糖尿病日,902570
63,糖尿病攜手基金會,184580
64,作家,85377520
65,詞曲作家,38960180
66,專欄作家,2744790
67,美國作曲家、作家和發行商協會,649300
68,英國犯罪作家協會,34940
69,美國科幻和奇幻作家協會,29890
70,ω-3脂肪酸,14909500
71,脂肪酸,9686070
72,飽和脂肪,2498600
73,必需脂肪酸,2459010
74,體脂肪率,1416620
75,脂肪酸代謝,247320
76,婦科學,36116260
77,瘦身減肥方法食譜節食運動減肥藥產後瘦身瘦小腹瘦大腿,138300
78,左旋甲狀腺素鈉,694920
79,運動,1566160200
80,運動和戶外活動,1589096970
81,團隊運動,225818610
82,運動鞋（鞋）,161367280
83,運動類遊戲,115341140
84,運動服裝（機能運動衫）,114242480
85,教練（運動）,75776370
86,社會運動,51324180
87,運動員,50455800
88,新紀元運動,46163050
89,青年奧林匹克運動會,38399100
90,世界極限運動會,37090360
91,運動鞋收集,36319928
92,五旬節運動,30419850
93,極限運動,27114380
94,登山運動,24743290
95,夏季奧林匹克運動會,21820450
96,有氧運動,20776320
97,2016年夏季奧林匹克運動會,18460210
98,2018年冬季奧林匹克運動會,17750470
99,耶穌運動,17699390
100,運動畫刊,16064810
101,2012年夏季奧林匹克運動會,15912320
102,綜合運動會,15780400
103,國際紅十字與紅新月運動,15670080
104,薩拉菲運動,14757400
105,夏季奧林匹克運動會田徑比賽,14285320
106,運動相機,13822940
107,射擊運動,13263140
108,貝貝 (足球運動員),13000020
109,藝術運動,11395980
110,巴西民主運動黨,9985080
111,五星運動,9970410
112,運動胸罩,9438920
113,浩克 (足球運動員),8521750
114,馬拉簡拿運動場,8477590
115,政治運動,7701180
116,環保運動,7469120
117,巴西足球運動,7138540
118,運動醫學,7052620
119,保育運動,6947670
120,慢食運動,6158282
121,反墮胎運動,5941140
122,美國茶會運動,5762640
123,運動畫刊泳裝特輯,5298150
124,抵抗運動,4889280
125,義大利足球運動,4656430
126,運動科學,4638030
127,東尼·霍克 (運動員),4443060
128,後期聖徒運動,4417470
129,新藝術運動,4202170
130,運動生理學,4188430
131,特殊奧林匹克運動會,4049990
132,LGBT權利運動,3816272
133,2020年夏季奧林匹克運動會,3505630
134,國民運動,3144520
135,美國哥倫比亞運動服裝公司,2976010
136,飛行運動,2794440
137,奧克蘭運動家,2785720
138,大眾汽車運動,2569720
139,帆船運動,2000320
140,職業運動聯盟,1832240
141,東南亞運動會,1812960
142,熱帶主義運動,1802620
143,瑞特運動巧克力,1436770
144,蓋爾運動協會,1430810
145,世界馬術運動會,1402200
146,學生運動,1358020
147,2010年冬季奧林匹克運動會,1259530
148,尤比克爭取更好的匈牙利運動,1100240
149,夏季奧林匹克運動會馬術比賽,1088660
150,Wii運動 度假勝地,1071260
151,飛鼠裝滑翔運動,1042160
152,ETtoday運動雲,1035470
153,1964年夏季奧林匹克運動會,885620
154,運動心理學,828110
155,運動,35918980
156,真空低溫烹調法,1149440
157,居家裝潢,213406710
158,居家照護,11457930
159,居家就業,9139410
160,居家男人角色列表,82310
161,H&D居家生活館,59260
162,過敏,74896870
163,過敏原,9456130
164,食物過敏,2778870
0,補貼,9662970
1,內政部,3533340
2,英國內政部,1840440
3,青年,157287640
4,巴蘭基亞青年體育俱樂部,79809540
5,青年奧林匹克運動會,38399100
6,文藝青年,23572390
7,青年旅舍,10667020
8,阿根廷青年,6254920
9,世界青年拉力錦標賽,2621960
10,青年小說,2567560
11,青年民主主義者聯盟－匈牙利公民聯盟,2311300
12,青年漫畫,1519010
13,青年藝術家獎,1396090
14,青年成就,1365020
15,國際青年商會,1202190
16,基督教女青年會,568050
17,青年會,447510
18,青年文化,353730
19,2018年夏季青年奧林匹克運動會,297440
20,國際青年旅舍聯盟,146330
21,王宏哲教養、育兒寶典,1432820
22,媽媽寶寶-懷孕、生產、育兒,359720
23,純情房東俏房客,32970
24,社會,525853920
25,社會網路,1165893280
26,政治與社會議題,1112578960
27,社會科學,264565600
28,社會群體,215004360
29,生活方式（社會學）,189532610
30,社會學,180653720
31,社會階級,123676280
32,社會心理學,91311650
33,社會關係,77142730
34,社會地位,66409690
35,社會運動,51324180
36,西班牙工人社會黨,44242920
37,社會工作,29927250
38,社會哲學,28741010
39,丹麥社會自由黨,26560270
40,公民社會,26187340
41,社會正義,16529080
42,社會民主主義,15951510
43,社會變遷,12341250
44,德國社會民主黨,11463520
45,巴西社會黨,10107790
46,社會企業,9404470
47,聯合國經濟及社會理事會,8662060
48,社會黨國際,8594670
49,美國社會安全保險,7791200
50,社會排斥,6665610
51,社會民主黨 (丹麥),5879610
52,社會統計調查,5739730
53,企業社會責任,5184710
54,社會營銷,3956090
55,瑞士社會民主黨,3868760
56,歐洲社會黨,3121760
57,社會不平等,3030310
58,開放社會基金會,2621480
59,奧地利社會民主黨,1492400
60,拜仁基督教社會聯盟,1399100
61,社會工作專業碩士,1287390
62,瑞典社會民主工人黨,1027880
63,SocREC 社會記錄頻道,1013940
64,社會保障基金,1001380
65,社會責任,707590
66,社會研究,610600
67,社會政策,538820
68,烏克蘭社會民主黨,500590
69,不同社會黨,449410
70,社會市場經濟,433530
71,社會進步,376990
72,社會主義工人黨 (英國),224820
73,社會主義人民黨,196860
74,社會工程學,156750
75,住房抵押貸款,135110930
76,美國住房及城市發展部,1962880
77,住房權,1669740
78,房地產,353161710
79,房地產投資,31533658
80,房地產經濟學,650120
81,房地產泡沫,471190
82,房地產自有率,84840
